ngram,tfidf_sum,term,skills,pct_skills,repos,pct_repos,top_repo,pct_skills_from_top_repo
1,773.03466331013,review,4037,6.25377596703484,1679,21.553273427471115,rondoflow__rondoflow,1.3128560812484518
1,683.924970382449,agent,4145,6.421080352578501,1623,20.834403080872914,rondoflow__rondoflow,7.527141133896261
1,549.6081125187903,ai,3319,5.141511626105681,1315,16.880616174582798,rondoflow__rondoflow,12.413377523350407
1,536.0989150766131,api,3399,5.265440800582467,1392,17.869062901155328,rondoflow__rondoflow,10.032362459546926
1,517.0720585563772,search,2904,4.498629033507351,917,11.771501925545572,openteams-lab__openteams,26.584022038567493
2,202.17257813083307,automation automate,903,1.3988505569067278,10,0.12836970474967907,openteams-lab__openteams,90.47619047619048
2,195.4807388962386,search tools,855,1.324493052220656,14,0.1797175866495507,openteams-lab__openteams,89.5906432748538
2,194.99942809000228,rube mcp,852,1.3198457081777764,4,0.051347881899871634,openteams-lab__openteams,90.14084507042253
2,194.56943883390028,mcp composio,849,1.315198364134897,3,0.038510911424903725,openteams-lab__openteams,90.22379269729093
2,194.50854486032597,tools current,846,1.3105510200920174,6,0.07702182284980745,openteams-lab__openteams,90.54373522458629
