group,metric,n,min,mean,median,max
SKILL.md,Stars,8623,10.0,1009.22,41.0,162460.0
SKILL.md,Contributors,8623,0.0,27.26,3.0,5574.0
SKILL.md,Repository size (MB),8623,0.01,59.02,5.81,16828.61
SKILL.md,Project age (years),8623,0.01,1.48,0.45,17.53
SKILL.md,SKILL.md files,8611,1.0,11.47,2.0,5206.0
No SKILL.md,Stars,101634,10.0,381.7,34.0,451528.0
No SKILL.md,Contributors,101634,0.0,13.41,3.0,6638.0
No SKILL.md,Repository size (MB),101634,0.0,39.67,2.47,96975.43
No SKILL.md,Project age (years),101634,0.02,3.55,2.45,18.37
No SKILL.md,SKILL.md files,101634,0.0,0.0,0.0,0.0
