panel_id,panel,bucket,total,found,prevalence_pct
(a),Stars,<100,80377,5826,7.248342187441681
(a),Stars,100-499,19351,1538,7.947909668750969
(a),Stars,500-4999,8871,930,10.48359824146094
(a),Stars,>=5000,1658,329,19.843184559710494
(b),Repository size,<1 MB,37642,1907,5.066149513840922
(b),Repository size,1-<10 MB,39593,3198,8.07718536104867
(b),Repository size,10-<100 MB,25487,2661,10.440616785027661
(b),Repository size,100+ MB,7535,857,11.373589913735898
(c),Contributors,0-1,27213,2294,8.429794583471136
(c),Contributors,2-5,43335,3384,7.808930425752855
(c),Contributors,6-20,26368,1676,6.356189320388349
(c),Contributors,21-100,11129,902,8.104951028843562
(c),Contributors,101+,2212,367,16.59132007233273
(d),Project age,<1 year,35428,5920,16.70994693462798
(d),Project age,1-<3 years,28138,1368,4.861752789821594
(d),Project age,3-<5 years,16514,560,3.3910621291025795
(d),Project age,5+ years,30177,775,2.568181065049541
