month,found,total,prevalence_pct
2008-03,0.0,2,0.0
2008-06,0.0,1,0.0
2008-07,0.0,1,0.0
2008-08,0.0,1,0.0
2008-09,0.0,1,0.0
2008-12,0.0,2,0.0
2009-01,1.0,4,25.0
2009-02,0.0,2,0.0
2009-03,0.0,1,0.0
2009-04,0.0,3,0.0
2009-05,1.0,5,20.0
2009-06,0.0,6,0.0
2009-07,0.0,5,0.0
2009-08,0.0,4,0.0
2009-09,0.0,8,0.0
2009-10,0.0,5,0.0
2009-11,1.0,4,25.0
2009-12,0.0,13,0.0
2010-01,0.0,7,0.0
2010-02,0.0,11,0.0
2010-03,0.0,6,0.0
2010-04,0.0,6,0.0
2010-05,0.0,14,0.0
2010-06,1.0,10,10.0
2010-07,0.0,8,0.0
2010-08,0.0,8,0.0
2010-09,1.0,11,9.090909090909092
2010-10,0.0,12,0.0
2010-11,1.0,13,7.6923076923076925
2010-12,0.0,11,0.0
2011-01,0.0,10,0.0
2011-02,0.0,18,0.0
2011-03,0.0,24,0.0
2011-04,1.0,14,7.142857142857143
2011-05,0.0,19,0.0
2011-06,1.0,30,3.3333333333333335
2011-07,0.0,23,0.0
2011-08,0.0,29,0.0
2011-09,0.0,19,0.0
2011-10,2.0,27,7.407407407407407
2011-11,1.0,33,3.0303030303030303
2011-12,1.0,22,4.545454545454546
2012-01,0.0,24,0.0
2012-02,1.0,33,3.0303030303030303
2012-03,0.0,48,0.0
2012-04,0.0,39,0.0
2012-05,0.0,48,0.0
2012-06,0.0,35,0.0
2012-07,1.0,33,3.0303030303030303
2012-08,0.0,39,0.0
2012-09,0.0,51,0.0
2012-10,0.0,42,0.0
2012-11,0.0,43,0.0
2012-12,0.0,37,0.0
2013-01,2.0,43,4.651162790697675
2013-02,2.0,61,3.278688524590164
2013-03,2.0,62,3.225806451612903
2013-04,1.0,53,1.8867924528301887
2013-05,2.0,72,2.7777777777777777
2013-06,1.0,48,2.0833333333333335
2013-07,2.0,80,2.5
2013-08,2.0,58,3.4482758620689653
2013-09,1.0,76,1.3157894736842106
2013-10,3.0,64,4.6875
2013-11,2.0,80,2.5
2013-12,2.0,76,2.6315789473684212
2014-01,2.0,107,1.8691588785046729
2014-02,1.0,84,1.1904761904761905
2014-03,1.0,95,1.0526315789473684
2014-04,1.0,79,1.2658227848101267
2014-05,2.0,98,2.0408163265306123
2014-06,1.0,81,1.2345679012345678
2014-07,1.0,76,1.3157894736842106
2014-08,4.0,88,4.545454545454546
2014-09,6.0,107,5.607476635514018
2014-10,2.0,75,2.6666666666666665
2014-11,2.0,106,1.8867924528301887
2014-12,2.0,121,1.6528925619834711
2015-01,3.0,97,3.0927835051546393
2015-02,1.0,110,0.9090909090909091
2015-03,2.0,157,1.2738853503184713
2015-04,3.0,141,2.127659574468085
2015-05,2.0,145,1.3793103448275863
2015-06,5.0,143,3.4965034965034967
2015-07,3.0,137,2.18978102189781
2015-08,2.0,136,1.4705882352941178
2015-09,9.0,157,5.732484076433121
2015-10,7.0,147,4.761904761904762
2015-11,5.0,156,3.2051282051282053
2015-12,6.0,162,3.7037037037037037
2016-01,5.0,179,2.793296089385475
2016-02,7.0,182,3.8461538461538463
2016-03,1.0,198,0.5050505050505051
2016-04,1.0,186,0.5376344086021505
2016-05,2.0,207,0.966183574879227
2016-06,8.0,175,4.571428571428571
2016-07,5.0,175,2.857142857142857
2016-08,4.0,216,1.8518518518518519
2016-09,6.0,206,2.912621359223301
2016-10,6.0,231,2.5974025974025974
2016-11,0.0,227,0.0
2016-12,3.0,187,1.6042780748663101
2017-01,6.0,235,2.5531914893617023
2017-02,5.0,211,2.3696682464454977
2017-03,3.0,269,1.1152416356877324
2017-04,2.0,245,0.8163265306122449
2017-05,10.0,271,3.690036900369004
2017-06,4.0,253,1.5810276679841897
2017-07,3.0,255,1.1764705882352942
2017-08,7.0,293,2.3890784982935154
2017-09,13.0,301,4.318936877076412
2017-10,10.0,309,3.236245954692557
2017-11,3.0,299,1.0033444816053512
2017-12,4.0,277,1.444043321299639
2018-01,11.0,325,3.3846153846153846
2018-02,8.0,300,2.6666666666666665
2018-03,9.0,375,2.4
2018-04,8.0,312,2.5641025641025643
2018-05,8.0,333,2.4024024024024024
2018-06,11.0,355,3.0985915492957745
2018-07,7.0,320,2.1875
2018-08,12.0,346,3.468208092485549
2018-09,7.0,327,2.140672782874618
2018-10,10.0,358,2.793296089385475
2018-11,16.0,362,4.419889502762431
2018-12,13.0,324,4.012345679012346
2019-01,7.0,411,1.70316301703163
2019-02,9.0,380,2.3684210526315788
2019-03,7.0,428,1.6355140186915889
2019-04,14.0,387,3.6175710594315245
2019-05,21.0,430,4.883720930232558
2019-06,13.0,424,3.0660377358490565
2019-07,9.0,412,2.1844660194174756
2019-08,17.0,510,3.3333333333333335
2019-09,8.0,481,1.6632016632016633
2019-10,11.0,469,2.345415778251599
2019-11,16.0,499,3.2064128256513027
2019-12,16.0,402,3.9800995024875623
2020-01,12.0,509,2.357563850687623
2020-02,5.0,501,0.998003992015968
2020-03,19.0,581,3.270223752151463
2020-04,10.0,694,1.440922190201729
2020-05,25.0,685,3.6496350364963503
2020-06,15.0,591,2.5380710659898478
2020-07,19.0,616,3.0844155844155843
2020-08,10.0,524,1.9083969465648856
2020-09,21.0,561,3.7433155080213902
2020-10,16.0,568,2.816901408450704
2020-11,16.0,535,2.9906542056074765
2020-12,18.0,563,3.197158081705151
2021-01,13.0,555,2.3423423423423424
2021-02,16.0,600,2.6666666666666665
2021-03,15.0,690,2.1739130434782608
2021-04,17.0,605,2.809917355371901
2021-05,11.0,576,1.9097222222222223
2021-06,14.0,578,2.422145328719723
2021-07,24.0,545,4.4036697247706424
2021-08,19.0,613,3.099510603588907
2021-09,16.0,555,2.8828828828828827
2021-10,14.0,575,2.4347826086956523
2021-11,12.0,585,2.051282051282051
2021-12,19.0,593,3.204047217537943
2022-01,19.0,643,2.9548989113530326
2022-02,17.0,624,2.7243589743589745
2022-03,35.0,700,5.0
2022-04,28.0,658,4.25531914893617
2022-05,19.0,677,2.806499261447563
2022-06,28.0,649,4.314329738058552
2022-07,20.0,687,2.911208151382824
2022-08,26.0,695,3.741007194244604
2022-09,25.0,665,3.7593984962406015
2022-10,25.0,676,3.698224852071006
2022-11,19.0,669,2.8400597907324365
2022-12,17.0,620,2.7419354838709675
2023-01,29.0,712,4.073033707865169
2023-02,26.0,743,3.499327052489906
2023-03,28.0,892,3.1390134529147984
2023-04,32.0,861,3.7166085946573753
2023-05,31.0,885,3.5028248587570623
2023-06,24.0,786,3.053435114503817
2023-07,30.0,886,3.386004514672686
2023-08,34.0,850,4.0
2023-09,27.0,825,3.272727272727273
2023-10,22.0,831,2.647412755716005
2023-11,31.0,857,3.617269544924154
2023-12,34.0,842,4.038004750593824
2024-01,32.0,936,3.4188034188034186
2024-02,36.0,919,3.9173014145810665
2024-03,47.0,1019,4.612365063788028
2024-04,33.0,923,3.5752979414951245
2024-05,46.0,1035,4.444444444444445
2024-06,40.0,984,4.065040650406504
2024-07,40.0,1024,3.90625
2024-08,42.0,1005,4.17910447761194
2024-09,40.0,1010,3.9603960396039604
2024-10,54.0,1201,4.496253122398001
2024-11,63.0,1149,5.483028720626632
2024-12,64.0,1210,5.289256198347108
2025-01,62.0,1314,4.718417047184171
2025-02,76.0,1368,5.555555555555555
2025-03,118.0,2007,5.879422022919781
2025-04,111.0,1710,6.491228070175438
2025-05,109.0,1874,5.816435432230523
2025-06,133.0,1811,7.3440088348978465
2025-07,145.0,1900,7.631578947368421
2025-08,141.0,1796,7.850779510022272
2025-09,132.0,1928,6.846473029045643
2025-10,185.0,2737,6.759225429302155
2025-11,191.0,2713,7.040176925912275
2025-12,275.0,2954,9.30941096817874
2026-01,553.0,3518,15.71915861284821
2026-02,866.0,4253,20.362097343051964
2026-03,1123.0,4855,23.1307929969104
2026-04,945.0,3793,24.91431584497759
2026-05,778.0,3233,24.064336529539126
2026-06,566.0,2399,23.593163818257608
2026-07,80.0,388,20.61855670103093
