label,count,retained_documents,pct_docs,dataset
action-directive,423,446,94.84304932735427,Overall
activation,406,446,91.03139013452915,Overall
decision-rule,424,446,95.06726457399103,Overall
exclusion,156,446,34.97757847533632,Overall
negative-example,117,446,26.233183856502244,Overall
positive-example,296,446,66.3677130044843,Overall
purpose,443,446,99.32735426008969,Overall
reference,323,446,72.42152466367713,Overall
workflow,351,446,78.69955156950672,Overall
purpose,179,181,98.9,Python
activation,166,181,91.71,Python
exclusion,76,181,41.99,Python
workflow,163,181,90.06,Python
decision-rule,175,181,96.69,Python
action-directive,176,181,97.24,Python
positive-example,102,181,56.35,Python
negative-example,34,181,18.78,Python
reference,141,181,77.9,Python
purpose,264,265,99.62,TypeScript
activation,240,265,90.57,TypeScript
exclusion,80,265,30.19,TypeScript
workflow,188,265,70.94,TypeScript
decision-rule,249,265,93.96,TypeScript
action-directive,247,265,93.21,TypeScript
positive-example,194,265,73.21,TypeScript
negative-example,83,265,31.32,TypeScript
reference,182,265,68.68,TypeScript
