id,name,isFork,commits,branches,releases,forks,mainLanguage,defaultBranch,license,homepage,watchers,stargazers,contributors,size,createdAt,pushedAt,updatedAt,totalIssues,openIssues,totalPullRequests,openPullRequests,blankLines,codeLines,commentLines,metrics,lastCommit,lastCommitSHA,hasWiki,isArchived,isDisabled,isLocked,languages,labels,topics
4414698,compiler-explorer/compiler-explorer,false,,,,2076,TypeScript,main,BSD-2-Clause,https://godbolt.org,18894,18894,,99704,2012-05-23T01:31:17Z,2026-07-10T22:29:06Z,2026-07-10T19:19:19Z,,823,,,,,,,2026-07-10T22:29:06Z,,true,false,false,,,,assembly;c;c-plus-plus;compiler;cpp;dlang;go;hacktoberfest;haskell;haskell-language;ispc;python;rust;rust-lang;swift
58360147,javascript-obfuscator/javascript-obfuscator,false,,,,1731,TypeScript,master,BSD-2-Clause,https://obfuscator.io,16156,16156,,32844,2016-05-09T08:16:53Z,2026-07-10T16:48:45Z,2026-07-10T16:47:35Z,,18,,,,,,,2026-07-10T16:48:45Z,,false,false,false,,,,browser;control-flow;cryptography;encoding;flattening;flow;javascript;javascript-obfuscator;js-obfuscator;literal;mangle;nodejs;obfuscate;obfuscation;obfuscator;protection;security;string;typescript;uglify
148228732,yarnpkg/berry,false,,,,1302,TypeScript,master,BSD-2-Clause,https://yarnpkg.com,8090,8090,,2929755,2018-09-10T22:49:22Z,2026-07-08T16:49:49Z,2026-07-10T23:54:52Z,,971,,,,,,,2026-07-08T16:49:49Z,,false,false,false,,,,javascript;nodejs;package-manager;yarn
485379314,stonith404/pingvin-share,false,,,,422,TypeScript,main,BSD-2-Clause,https://stonith404.github.io/pingvin-share/,4693,4693,,21093,2022-04-25T13:17:54Z,2026-05-18T20:19:06Z,2026-07-10T21:44:05Z,,6,,,,,,,2026-05-18T20:19:06Z,,false,true,false,,,,file-sharing;nestjs;nextjs;self-hosted
154988175,matthewp/haunted,false,,,,91,TypeScript,main,BSD-2-Clause,,2719,2719,,7121,2018-10-27T16:58:48Z,2026-07-10T10:02:52Z,2026-06-29T20:48:21Z,,63,,,,,,,2026-07-10T10:02:52Z,,true,false,false,,,,hooks;lit-html;react-hooks;web-components
7457728,excaliburjs/Excalibur,false,,,,226,TypeScript,main,BSD-2-Clause,https://excaliburjs.com,2311,2311,,644520,2013-01-05T17:05:56Z,2026-07-11T00:39:59Z,2026-07-10T22:27:40Z,,55,,,,,,,2026-07-11T00:39:59Z,,false,false,false,,,,excalibur;excaliburjs;game-development;game-engine;game-framework;gamedev;games;html5-canvas;typescript
5151909,yeoman/generator,false,,,,298,TypeScript,main,BSD-2-Clause,http://yeoman.io,1263,1263,,8657,2012-07-23T13:07:31Z,2026-07-09T05:22:36Z,2026-07-04T09:06:38Z,,8,,,,,,,2026-07-09T05:22:36Z,,false,false,false,,,,generator;javascript;nodejs;scaffold;yeoman;yeoman-generator
21741875,openlayers/ol-cesium,false,,,,341,TypeScript,master,BSD-2-Clause,http://openlayers.org/ol-cesium/,1141,1141,,3931,2014-07-11T15:45:47Z,2026-07-06T08:20:39Z,2026-07-08T15:08:20Z,,159,,,,,,,2026-07-06T08:20:39Z,,true,false,false,,,,3d;cesium;openlayers
541621765,family/connectkit,false,,,,235,TypeScript,main,BSD-2-Clause,https://family.co/docs/connectkit,1050,1050,,4829,2022-09-26T14:13:25Z,2026-03-30T10:27:39Z,2026-07-11T01:32:30Z,,43,,,,,,,2026-03-30T10:27:39Z,,false,false,false,,,,coinbase;dapp;ethereum;metamask;react;typescript;viem;wagmi;walletconnect;web3
58360964,javascript-obfuscator/webpack-obfuscator,false,,,,93,TypeScript,master,BSD-2-Clause,https://github.com/javascript-obfuscator/javascript-obfuscator,923,923,,669,2016-05-09T08:30:14Z,2026-04-07T03:54:47Z,2026-06-29T19:02:51Z,,54,,,,,,,2026-04-07T03:54:47Z,,true,false,false,,,,
52358928,buzz/mediainfo.js,false,,,,122,TypeScript,main,BSD-2-Clause,https://mediainfo.js.org,864,864,,41577,2016-02-23T12:56:13Z,2026-01-30T14:26:49Z,2026-07-08T20:39:22Z,,9,,,,,,,2026-01-30T14:26:49Z,,false,false,false,,,,emscripten;javascript;media;mediainfo;wasm
3411063,fb55/css-select,false,,,,78,TypeScript,master,BSD-2-Clause,http://feedic.com/css-select/,632,632,,5043,2012-02-10T21:06:42Z,2026-07-09T13:52:39Z,2026-07-08T13:55:16Z,,12,,,,,,,2026-07-09T13:52:39Z,,false,false,false,,,,css-selector;cssselect;dom;dom-structure;html;htmlparser2;javascript
48350919,electron/osx-sign,false,,,,111,TypeScript,main,BSD-2-Clause,,622,622,,2054,2015-12-21T04:38:03Z,2026-07-09T22:46:02Z,2026-07-06T07:54:38Z,,26,,,,,,,2026-07-09T22:46:02Z,,true,false,false,,,,codesigning;developer-tools;electron;electron-osx-sign;entitlements;itunes-connect;mac-app-store;macos;provisioning-profiles;sandbox
56833732,jupyter-server/jupyter-resource-usage,false,,,,108,TypeScript,main,BSD-2-Clause,,537,537,,1954,2016-04-22T07:01:34Z,2026-03-31T17:18:26Z,2026-06-09T13:59:40Z,,53,,,,,,,2026-03-31T17:18:26Z,,false,false,false,,,,
351238167,niivue/niivue,false,,,,124,TypeScript,main,BSD-2-Clause,https://niivue.com,465,465,,665226,2021-03-24T22:17:32Z,2026-07-08T11:32:15Z,2026-07-10T04:37:54Z,,33,,,,,,,2026-07-08T11:32:15Z,,true,false,false,,,,image;nifti;niivue;viewer;web;webgl2
101977153,terrestris/react-geo,false,,,,57,TypeScript,main,BSD-2-Clause,https://terrestris.github.io/react-geo/,419,419,,564354,2017-08-31T08:18:26Z,2026-06-22T12:22:15Z,2026-06-15T09:40:37Z,,30,,,,,,,2026-06-22T12:22:15Z,,true,false,false,,,,ant-design;geo;hacktoberfest;openlayers;react;typescript
1874601,springmeyer/arc.js,false,,,,66,TypeScript,main,BSD-2-Clause,http://springmeyer.github.io/arc.js/,384,384,,368,2011-06-10T06:12:40Z,2026-06-02T15:19:49Z,2026-06-02T15:23:54Z,,3,,,,,,,2026-06-02T15:19:49Z,,true,false,false,,,,
3172629,fb55/entities,false,,,,76,TypeScript,main,BSD-2-Clause,,380,380,,6170,2012-01-13T17:02:59Z,2026-07-08T20:33:21Z,2026-07-08T20:33:44Z,,5,,,,,,,2026-07-08T20:33:21Z,,false,false,false,,,,entities;html-entities;javascript
1006249213,pipecat-ai/voice-ui-kit,false,,,,61,TypeScript,main,BSD-2-Clause,https://voiceuikit.pipecat.ai,377,377,,90607,2025-06-21T20:35:01Z,2026-07-07T21:25:19Z,2026-07-09T09:51:07Z,,9,,,,,,,2026-07-07T21:25:19Z,,false,false,false,,,,
492805615,robertknight/tesseract-wasm,false,,,,30,TypeScript,main,BSD-2-Clause,https://robertknight.github.io/tesseract-wasm/,374,374,,2255,2022-05-16T11:29:01Z,2025-11-17T02:52:48Z,2026-07-09T14:06:33Z,,24,,,,,,,2025-11-17T02:52:48Z,,true,false,false,,,,js;ocr;webassembly
5414232,fb55/domhandler,false,,,,68,TypeScript,master,BSD-2-Clause,https://domhandler.js.org,365,365,,4327,2012-08-14T14:52:52Z,2026-07-09T13:22:50Z,2026-07-08T13:25:00Z,,4,,,,,,,2026-07-09T13:22:50Z,,false,false,false,,,,dom;dom-builder;domhandler;htmlparser2;tree
119513899,geostyler/geostyler,false,,,,69,TypeScript,main,BSD-2-Clause,http://geostyler.org,339,339,,379805,2018-01-30T09:31:39Z,2026-07-11T02:01:21Z,2026-07-07T23:46:48Z,,35,,,,,,,2026-07-11T02:01:21Z,,true,false,false,,,,geostyler;react;style-parser
827453748,pipecat-ai/pipecat-client-web,false,,,,63,TypeScript,main,BSD-2-Clause,,319,319,,2074,2024-07-11T17:17:54Z,2026-06-24T13:02:02Z,2026-07-09T16:16:43Z,,10,,,,,,,2026-06-24T13:02:02Z,,false,false,false,,,,
32707901,electron/packager,false,,,,38,TypeScript,main,BSD-2-Clause,https://npm.im/@electron/packager,299,299,,4992,2015-03-23T02:54:14Z,2026-07-07T19:19:09Z,2026-07-07T19:19:31Z,,19,,,,,,,2026-07-07T19:19:09Z,,false,false,false,,,,electron;electron-packager;hacktoberfest;javascript
892076910,Billos/Broadcastarr,false,,,,5,TypeScript,main,BSD-2-Clause,,296,296,,4377,2024-11-21T13:21:40Z,2026-05-23T13:18:54Z,2026-06-19T02:57:25Z,,1,,,,,,,2026-05-23T13:18:54Z,,true,false,false,,,,
323067225,beenotung/best-effort-json-parser,false,,,,6,TypeScript,master,BSD-2-Clause,https://www.npmjs.com/package/best-effort-json-parser,278,278,,85,2020-12-20T12:32:08Z,2026-06-26T03:49:39Z,2026-07-02T18:39:59Z,,2,,,,,,,2026-06-26T03:49:39Z,,true,false,false,,,,
231388582,vladlavrik/netify,false,,,,38,TypeScript,master,BSD-2-Clause,https://chrome.google.com/webstore/detail/netify/mdafhjaillpdogjdigdkmnoddeoegblj,253,253,,2508,2020-01-02T13:34:34Z,2026-04-04T09:17:32Z,2026-07-07T23:22:43Z,,12,,,,,,,2026-04-04T09:17:32Z,,false,false,false,,,,chrome-extension;devtools;proxy
1930909,fb55/readabilitySAX,false,,,,35,TypeScript,master,BSD-2-Clause,,249,249,,679,2011-06-21T19:02:39Z,2026-07-10T04:52:35Z,2026-07-01T14:47:22Z,,16,,,,,,,2026-07-10T04:52:35Z,,false,false,false,,,,javascript;readability;readabilitysax
1057620102,smp46/pingvin-share-x,false,,,,24,TypeScript,main,BSD-2-Clause,https://smp46.github.io/pingvin-share-x/,248,248,,28282,2025-09-16T01:39:14Z,2026-07-07T05:12:58Z,2026-07-10T16:29:24Z,,14,,,,,,,2026-07-07T05:12:58Z,,false,false,false,,,,docker;fileshare;fork;self-hosted;share
4460687,fb55/css-what,false,,,,51,TypeScript,master,BSD-2-Clause,,247,247,,4627,2012-05-27T08:24:07Z,2026-07-09T10:32:32Z,2026-07-08T10:35:34Z,,4,,,,,,,2026-07-09T10:32:32Z,,false,false,false,,,,css;css-selector-parser;javascript;selector
6627949,fb55/domutils,false,,,,63,TypeScript,master,BSD-2-Clause,https://domutils.js.org,225,225,,5956,2012-11-10T13:47:13Z,2026-06-23T22:26:09Z,2026-06-23T22:26:12Z,,14,,,,,,,2026-06-23T22:26:09Z,,false,false,false,,,,
120081455,detritusjs/client,false,,,,22,TypeScript,master,BSD-2-Clause,https://detritusjs.com/,209,209,,9022,2018-02-03T10:30:47Z,2026-06-01T22:31:44Z,2026-06-03T06:25:33Z,,16,,,,,,,2026-06-01T22:31:44Z,,true,false,false,,,,bot;detritus;discord;discord-api;node;typescript
254544015,beenotung/ts-liveview,false,,,,3,TypeScript,master,BSD-2-Clause,https://liveviews.cc,197,197,,3337,2020-04-10T04:31:47Z,2026-07-07T06:22:36Z,2026-07-07T06:22:41Z,,14,,,,,,,2026-07-07T06:22:36Z,,true,false,false,,,,html-streaming;liveview;realtime-application;server-side-rendering;starter-kit;starter-template;tsx;typescript
202511568,Homebrew/actions,false,,,,45,TypeScript,main,BSD-2-Clause,,180,180,,8430,2019-08-15T09:18:14Z,2026-07-10T19:56:40Z,2026-07-10T19:56:36Z,,0,,,,,,,2026-07-10T19:56:40Z,,false,false,false,,,,actions;homebrew
39731032,silverwind/uppie,false,,,,23,TypeScript,master,BSD-2-Clause,,160,160,,809,2015-07-26T15:49:32Z,2026-07-08T16:00:16Z,2026-07-08T16:01:10Z,,0,,,,,,,2026-07-08T16:00:16Z,,false,false,false,,,,browser;directory-upload;file-upload;javascript
343698952,droppyjs/droppy,false,,,,20,TypeScript,canary,BSD-2-Clause,https://droppyjs.com,144,144,,17720,2021-03-02T08:27:55Z,2026-02-25T22:46:26Z,2026-06-11T13:37:59Z,,14,,,,,,,2026-02-25T22:46:26Z,,true,false,false,,,,
262541055,beenotung/compress-json,false,,,,10,TypeScript,master,BSD-2-Clause,https://www.npmjs.com/package/compress-json,144,144,,105,2020-05-09T09:58:40Z,2026-01-21T02:05:22Z,2026-04-11T04:26:58Z,,2,,,,,,,2026-01-21T02:05:22Z,,true,false,false,,,,
632742981,dennisdev/rs-map-viewer,false,,,,32,TypeScript,master,BSD-2-Clause,https://osrs.world,140,140,,4746,2023-04-26T03:21:36Z,2026-07-10T02:00:56Z,2026-07-10T13:28:18Z,,15,,,,,,,2026-07-10T02:00:56Z,,true,false,false,,,,osrs;runescape;webgl
50677750,TracerBench/chrome-debugging-client,false,,,,17,TypeScript,main,BSD-2-Clause,,134,134,,1636,2016-01-29T17:11:11Z,2026-04-15T11:09:35Z,2026-06-21T22:17:13Z,,24,,,,,,,2026-04-15T11:09:35Z,,true,false,false,,,,
24581855,yeoman/environment,false,,,,72,TypeScript,main,BSD-2-Clause,,132,132,,7245,2014-09-29T06:02:18Z,2026-07-06T08:33:14Z,2026-07-06T08:33:16Z,,5,,,,,,,2026-07-06T08:33:14Z,,false,false,false,,,,
73016915,HdrHistogram/HdrHistogramJS,false,,,,18,TypeScript,master,BSD-2-Clause,,128,128,,1880,2016-11-06T20:29:23Z,2026-07-05T17:49:12Z,2026-07-05T17:46:10Z,,19,,,,,,,2026-07-05T17:49:12Z,,true,false,false,,,,
1038217925,pipecat-ai/whisker,false,,,,12,TypeScript,main,BSD-2-Clause,https://pipecat.ai,124,124,,2584,2025-08-14T20:14:49Z,2026-07-06T07:15:52Z,2026-07-03T19:27:02Z,,1,,,,,,,2026-07-06T07:15:52Z,,false,false,false,,,,
712722155,lossless-protocols-org/zero,false,,,,23,TypeScript,main,BSD-2-Clause,https://lossless.dev/zero,123,123,,5697,2023-11-01T03:47:16Z,2026-07-05T03:36:19Z,2026-07-05T12:42:33Z,,1,,,,,,,2026-07-05T03:36:19Z,,true,false,false,,,,android;expense-manager;expense-tracker;finance;finance-application;finance-tracker;minimal;react-native;realm;redux-toolkit
80855206,silverwind/cidr-tools,false,,,,11,TypeScript,master,BSD-2-Clause,,111,111,,3513,2017-02-03T18:05:57Z,2026-07-08T15:58:22Z,2026-07-08T15:58:27Z,,2,,,,,,,2026-07-08T15:58:22Z,,false,false,false,,,,bigint;cidr;cidr-notation;ipv4;ipv6;javascript;module;subnetting
806782347,Metaculus/metaculus,false,,,,33,TypeScript,main,BSD-2-Clause,https://www.metaculus.com,109,109,,79039,2024-05-27T22:28:26Z,2026-07-10T16:05:11Z,2026-07-10T16:07:09Z,,218,,,,,,,2026-07-10T16:05:11Z,,true,false,false,,,,
112921626,silverwind/updates,false,,,,9,TypeScript,master,BSD-2-Clause,,106,106,,13933,2017-12-03T11:18:57Z,2026-07-09T10:49:23Z,2026-07-09T10:49:28Z,,6,,,,,,,2026-07-09T10:49:23Z,,false,false,false,,,,bun;cargo;dependabot;dependencies;dependency-management;dependency-manager;go-dependencies;golang;npm;npm-check-updates;package-json;renovate;uv;uv-dependencies
943595195,libbpf/bpfvv,false,,,,7,TypeScript,master,BSD-2-Clause,https://libbpf.github.io/bpfvv/,93,93,,410,2025-03-06T00:52:01Z,2025-12-03T23:22:59Z,2026-06-18T12:39:34Z,,13,,,,,,,2025-12-03T23:22:59Z,,true,false,false,,,,bpf;kernel;linux
141186693,mapbox/mr-ui,false,,,,5,TypeScript,main,BSD-2-Clause,https://mapbox.github.io/mr-ui/,90,90,,23715,2018-07-16T19:48:38Z,2026-06-24T10:01:35Z,2026-06-22T08:35:37Z,,17,,,,,,,2026-06-24T10:01:35Z,,true,false,false,,,,frontend-shared;frontend-tooling;priority
1225593325,gsi-cyberjapan/gsi-3d-2025,false,,,,30,TypeScript,main,BSD-2-Clause,,84,84,,1341,2026-04-30T12:45:40Z,2026-06-01T06:28:56Z,2026-07-03T22:42:50Z,,0,,,,,,,2026-06-01T06:28:56Z,,false,false,false,,,,
32822758,CIDARLAB/3DuF,false,,,,71,TypeScript,Neptune_Render,BSD-2-Clause,http://3duf.org,83,83,,39352,2015-03-24T20:17:26Z,2026-07-08T03:32:45Z,2026-07-08T03:30:02Z,,91,,,,,,,2026-07-08T03:32:45Z,,true,false,false,,,,fluigi;microfluidics
190435585,Smarthard/shikicinema,false,,,,7,TypeScript,master,BSD-2-Clause,,83,83,,4290,2019-06-05T17:04:43Z,2026-07-08T20:50:20Z,2026-07-08T20:48:30Z,,17,,,,,,,2026-07-08T20:50:20Z,,true,false,false,,,,shikimori
1201153060,Whispergate/Hecate,false,,,,6,TypeScript,main,BSD-2-Clause,,78,78,,5324,2026-04-04T09:27:30Z,2026-07-03T18:10:37Z,2026-07-08T09:46:38Z,,0,,,,,,,2026-07-03T18:10:37Z,,false,false,false,,,,
430240256,ffddorf/netbox-vault-secrets,false,,,,9,TypeScript,main,BSD-2-Clause,,77,77,,291,2021-11-21T00:33:17Z,2026-06-24T10:39:36Z,2026-07-10T14:10:16Z,,29,,,,,,,2026-06-24T10:39:36Z,,true,false,false,,,,netbox;netbox-plugin;network-automation;secrets;vault
289721766,stephank/yarn-plugin-nixify,false,,,,8,TypeScript,main,BSD-2-Clause,,75,75,,6079,2020-08-23T16:14:15Z,2026-01-15T06:52:36Z,2026-06-30T11:50:27Z,,18,,,,,,,2026-01-15T06:52:36Z,,false,false,false,,,,nix;yarn
1182715537,tiehfood/xpferd,false,,,,5,TypeScript,main,BSD-2-Clause,https://buymeacoffee.com/tiehfood,69,69,,2703,2026-03-15T21:55:27Z,2026-06-22T01:05:58Z,2026-06-21T19:04:09Z,,14,,,,,,,2026-06-22T01:05:58Z,,false,false,false,,,,germany;invocie;invoice-generator;svelte;wysiwyg;xrechnung;zugferd
464541906,daily-co/daily-react,false,,,,19,TypeScript,main,BSD-2-Clause,https://docs.daily.co/reference/daily-react,67,67,,831,2022-02-28T15:41:44Z,2026-07-01T11:20:34Z,2026-07-01T11:20:38Z,,3,,,,,,,2026-07-01T11:20:34Z,,true,false,false,,,,
647500852,electron/windows-sign,false,,,,19,TypeScript,main,BSD-2-Clause,,65,65,,1671,2023-05-30T23:24:31Z,2026-07-02T00:59:29Z,2026-07-02T00:59:32Z,,9,,,,,,,2026-07-02T00:59:29Z,,false,false,false,,,,
393846350,beenotung/quick-erd,false,,,,6,TypeScript,master,BSD-2-Clause,https://erd.surge.sh,62,62,,641,2021-08-08T03:27:38Z,2026-02-28T21:36:43Z,2026-05-02T17:33:03Z,,1,,,,,,,2026-02-28T21:36:43Z,,true,false,false,,,,drag-and-drop;erd;text-based
16864923,fb55/nth-check,false,,,,33,TypeScript,master,BSD-2-Clause,,62,62,,3100,2014-02-15T15:06:10Z,2026-07-09T14:22:43Z,2026-07-08T14:26:18Z,,5,,,,,,,2026-07-09T14:22:43Z,,false,false,false,,,,css;css-selector;nth-check
133524374,geostyler/geostyler-sld-parser,false,,,,41,TypeScript,main,BSD-2-Clause,,61,61,,5814,2018-05-15T13:59:08Z,2026-07-10T21:34:54Z,2026-07-02T18:28:07Z,,58,,,,,,,2026-07-10T21:34:54Z,,true,false,false,,,,geostyler;hacktoberfest;sld
394505426,moshen/wasmagic,false,,,,12,TypeScript,master,BSD-2-Clause,,59,59,,439,2021-08-10T02:48:12Z,2026-03-26T03:20:33Z,2026-07-08T06:25:01Z,,0,,,,,,,2026-03-26T03:20:33Z,,true,false,false,,,,hacktoberfest;nodejs;wasm
44888236,excaliburjs/excalibur-tiled,false,,,,29,TypeScript,main,BSD-2-Clause,https://excaliburjs.com/docs/tiled-plugin,54,54,,33180,2015-10-24T22:56:49Z,2026-07-08T10:05:51Z,2026-06-24T01:48:34Z,,18,,,,,,,2026-07-08T10:05:51Z,,true,false,false,,,,excalibur;excaliburjs;plugin;tiled-map-editor
173732539,vivid-planet/comet,false,,,,9,TypeScript,main,BSD-2-Clause,https://comet-dxp.com,49,49,,191899,2019-03-04T11:30:36Z,2026-07-10T11:50:12Z,2026-07-09T13:39:39Z,,137,,,,,,,2026-07-10T11:50:12Z,,false,false,false,,,,
675507387,niivue/niivue-vscode,false,,,,13,TypeScript,main,BSD-2-Clause,https://niivue.github.io/niivue-vscode/,48,48,,98044,2023-08-07T04:51:27Z,2026-06-29T04:25:34Z,2026-06-24T14:29:15Z,,84,,,,,,,2026-06-29T04:25:34Z,,true,false,false,,,,
140695668,terrestris/ol-util,false,,,,16,TypeScript,main,BSD-2-Clause,https://terrestris.github.io/ol-util,48,48,,130142,2018-07-12T10:02:36Z,2026-06-22T12:24:05Z,2026-06-09T08:12:10Z,,22,,,,,,,2026-06-22T12:24:05Z,,true,false,false,,,,hacktoberfest;openlayers;proj4js;turfjs;utility
303518995,daily-co/react-native-daily-js,false,,,,19,TypeScript,react-native-daily-js-releases,BSD-2-Clause,https://docs.daily.co/reference/rn-daily-js,46,46,,888,2020-10-12T21:36:56Z,2026-06-10T22:37:28Z,2026-06-17T15:02:15Z,,11,,,,,,,2026-06-10T22:37:28Z,,true,false,false,,,,
1034104671,smartcompanion-app/audioguide-app,false,,,,6,TypeScript,main,BSD-2-Clause,https://www.smartcompanion.app/,46,46,,3122,2025-08-07T21:13:13Z,2026-06-14T21:19:58Z,2026-06-15T07:08:31Z,,4,,,,,,,2026-06-14T21:19:58Z,,false,false,false,,,,audio;audio-guide;audioguide;capacitorjs;cultural;glam;heritage;ionic;jamstack;musetech;museum;museum-digital;museum-experience;museum-guide;museum-installation;open-source;openglam;pwa;stenciljs
538917693,wwWallet/wallet-frontend,false,,,,22,TypeScript,master,BSD-2-Clause,,43,43,,25277,2022-09-20T09:54:29Z,2026-07-10T16:45:02Z,2026-07-09T10:26:53Z,,43,,,,,,,2026-07-10T16:45:02Z,,true,false,false,,,,
124722423,noahm/DDRCardDraw,false,,,,52,TypeScript,main,BSD-2-Clause,https://ddr.tools,43,43,,471738,2018-03-11T04:16:56Z,2026-07-10T02:56:23Z,2026-07-08T17:49:15Z,,48,,,,,,,2026-07-10T02:56:23Z,,false,false,false,,,,
134725699,geostyler/geostyler-openlayers-parser,false,,,,30,TypeScript,main,BSD-2-Clause,,42,42,,6526,2018-05-24T14:18:21Z,2026-07-11T00:14:04Z,2026-06-24T05:17:28Z,,31,,,,,,,2026-07-11T00:14:04Z,,true,false,false,,,,geostyler;openlayers;parser;style
130100738,wayfair/git-parse,false,,,,16,TypeScript,main,BSD-2-Clause,https://www.npmjs.com/package/git-parse,40,40,,4779,2018-04-18T17:47:46Z,2026-07-11T00:36:34Z,2026-01-26T07:01:49Z,,11,,,,,,,2026-07-11T00:36:34Z,,false,false,false,,,,git;javascript;node;nodejs
1089606073,pipecat-ai/pipecat-flows-editor,false,,,,10,TypeScript,main,BSD-2-Clause,https://flows.pipecat.ai,39,39,,865,2025-11-04T15:11:44Z,2026-06-25T12:39:13Z,2026-06-30T00:15:22Z,,1,,,,,,,2026-06-25T12:39:13Z,,false,false,false,,,,
415614473,excaliburjs/template-ts-vite,false,,,,9,TypeScript,main,BSD-2-Clause,,39,39,,505,2021-10-10T14:48:41Z,2026-07-09T05:09:25Z,2026-07-08T14:41:57Z,,10,,,,,,,2026-07-09T05:09:25Z,,true,false,false,,,,excalibur;excaliburjs;template;vite
976943542,stass/exif-mcp,false,,,,8,TypeScript,master,BSD-2-Clause,,38,38,,16,2025-05-03T04:16:03Z,2025-11-14T05:59:15Z,2026-07-05T03:17:03Z,,1,,,,,,,2025-11-14T05:59:15Z,,true,false,false,,,,
54702148,silverwind/is-cidr,false,,,,6,TypeScript,master,BSD-2-Clause,,37,37,,858,2016-03-25T07:20:59Z,2026-07-08T15:59:09Z,2026-07-08T15:59:12Z,,0,,,,,,,2026-07-08T15:59:09Z,,true,false,false,,,,cidr;ip;javascript;module;nodejs
983064409,mesmotronic/three-retropass,false,,,,1,TypeScript,main,BSD-2-Clause,,36,36,,115,2025-05-13T20:26:53Z,2026-03-19T14:22:29Z,2026-03-19T14:23:25Z,,0,,,,,,,2026-03-19T14:22:29Z,,true,false,false,,,,
612299077,Pingid/lectures.london,false,,,,4,TypeScript,main,BSD-2-Clause,https://lectures.london,36,36,,5401,2023-03-10T16:21:18Z,2026-06-19T21:29:34Z,2026-06-24T16:32:52Z,,5,,,,,,,2026-06-19T21:29:34Z,,false,false,false,,,,education;lectures;london;open-education;open-educational-resources
145254744,hamidfzm/ra-language-farsi,false,,,,3,TypeScript,main,BSD-2-Clause,http://marmelab.com/react-admin,35,35,,535,2018-08-18T21:46:23Z,2026-04-17T23:53:14Z,2026-04-17T23:53:15Z,,0,,,,,,,2026-04-17T23:53:14Z,,false,false,false,,,,admin-on-rest;farsi;react;react-admin;reactjs;translation
116433421,silverwind/daemonize-process,false,,,,3,TypeScript,master,BSD-2-Clause,,34,34,,388,2018-01-05T22:31:41Z,2026-07-08T15:58:28Z,2026-07-08T15:58:32Z,,0,,,,,,,2026-07-08T15:58:28Z,,true,false,false,,,,daemon;daemonize;module;nodejs;nodejs-modules
54639537,silverwind/cidr-regex,false,,,,10,TypeScript,master,BSD-2-Clause,,33,33,,992,2016-03-24T12:16:29Z,2026-07-08T15:58:19Z,2026-07-08T15:58:34Z,,1,,,,,,,2026-07-08T15:58:19Z,,true,false,false,,,,cidr;ip;javascript;module;nodejs
738998907,badlogic/doxie,false,,,,4,TypeScript,main,BSD-2-Clause,,32,32,,386,2024-01-04T14:39:30Z,2025-12-29T02:22:21Z,2026-06-22T21:33:49Z,,1,,,,,,,2025-12-29T02:22:21Z,,true,false,false,,,,
276426552,lubert/chess.ts,false,,,,8,TypeScript,master,BSD-2-Clause,,32,32,,1850,2020-07-01T16:19:17Z,2026-05-29T07:12:37Z,2026-05-29T07:12:41Z,,3,,,,,,,2026-05-29T07:12:37Z,,true,false,false,,,,chess;typescript-chess-library
1184932308,xrsps/xrsps-typescript,false,,,,12,TypeScript,main,BSD-2-Clause,,31,31,,14202,2026-03-18T04:21:24Z,2026-07-02T05:45:42Z,2026-07-08T12:18:50Z,,0,,,,,,,2026-07-02T05:45:42Z,,false,false,false,,,,
340235370,homebridge-plugins/homebridge-updater,false,,,,3,TypeScript,latest,BSD-2-Clause,,31,31,,1067,2021-02-19T02:21:40Z,2026-06-21T22:18:16Z,2026-06-30T18:36:23Z,,9,,,,,,,2026-06-21T22:18:16Z,,true,false,false,,,,
10394620,whoughton/lz77,false,,,,6,TypeScript,main,BSD-2-Clause,http://whoughton.github.io/lz77/,29,29,,188,2013-05-31T00:05:27Z,2026-04-22T22:19:59Z,2026-04-22T22:18:57Z,,1,,,,,,,2026-04-22T22:19:59Z,,true,false,false,,,,
901529764,pipecat-ai/pipecat-client-web-transports,false,,,,25,TypeScript,main,BSD-2-Clause,,29,29,,1231,2024-12-10T20:36:33Z,2026-07-10T16:27:54Z,2026-06-30T16:48:25Z,,8,,,,,,,2026-07-10T16:27:54Z,,false,false,false,,,,
6627835,fb55/domelementtype,false,,,,20,TypeScript,master,BSD-2-Clause,,29,29,,162,2012-11-10T13:35:43Z,2026-03-26T06:48:09Z,2026-03-26T06:48:06Z,,1,,,,,,,2026-03-26T06:48:09Z,,false,false,false,,,,
234505787,diggsweden/dataportal-web,false,,,,5,TypeScript,main,BSD-2-Clause,,28,28,,40454,2020-01-17T08:33:25Z,2026-07-10T14:01:36Z,2026-05-11T06:10:28Z,,15,,,,,,,2026-07-10T14:01:36Z,,true,false,false,,,,apollo-graphql;dataportal;emotion;react;react-router;typescript
24764697,silverwind/dnsbl,false,,,,7,TypeScript,master,BSD-2-Clause,,28,28,,439,2014-10-03T16:04:04Z,2026-07-08T15:58:34Z,2026-07-08T15:58:48Z,,4,,,,,,,2026-07-08T15:58:34Z,,true,false,false,,,,blackhole;blackhole-lists;dnsbl;javascript;rbl;spam;spam-filtering
790125426,Zemerik/Portfolio-v2,false,,,,0,TypeScript,main,BSD-2-Clause,https://zemerik.vercel.app,27,27,,18997,2024-04-22T10:05:10Z,2026-02-11T17:57:05Z,2026-01-12T06:23:26Z,,1,,,,,,,2026-02-11T17:57:05Z,,false,false,false,,,,javascript;portfolio;react;tailwindcss;template;typescript
895855804,yingflower/obsidian-stu-repo-helper,false,,,,3,TypeScript,master,BSD-2-Clause,,27,27,,32393,2024-11-29T03:48:54Z,2026-07-09T15:13:24Z,2026-07-09T15:15:50Z,,1,,,,,,,2026-07-09T15:13:24Z,,false,false,false,,,,
248204873,heynatefox/cards-against-formality-services,false,,,,12,TypeScript,master,BSD-2-Clause,,27,27,,1462,2020-03-18T10:48:05Z,2026-05-20T22:16:38Z,2026-05-20T22:16:42Z,,128,,,,,,,2026-05-20T22:16:38Z,,true,false,false,,,,cards-against-formality
31766729,cheeriojs/cheerio-select,false,,,,11,TypeScript,master,BSD-2-Clause,,26,26,,2886,2015-03-06T11:37:25Z,2026-07-09T16:22:31Z,2026-07-08T16:23:49Z,,14,,,,,,,2026-07-09T16:22:31Z,,false,false,false,,,,cheerio;jquery;jquery-positional-selectors
18873391,GeotrekCE/Geotrek-mobile,false,,,,11,TypeScript,main,BSD-2-Clause,https://geotrek-mobile.readthedocs.io/latest/,26,26,,66718,2014-04-17T09:31:48Z,2026-04-13T07:26:16Z,2026-04-13T07:26:24Z,,5,,,,,,,2026-04-13T07:26:16Z,,true,false,false,,,,capacitor;ionic
1174983898,jordanhubbard/webmux,false,,,,5,TypeScript,main,BSD-2-Clause,,25,25,,767,2026-03-07T04:23:26Z,2026-06-26T00:13:14Z,2026-06-26T00:13:17Z,,3,,,,,,,2026-06-26T00:13:14Z,,true,false,false,,,,
593428499,xxfoundation/haven,false,,,,6,TypeScript,main,BSD-2-Clause,https://git.xx.network/elixxir/speakeasy-web,25,25,,666913,2023-01-26T00:49:18Z,2025-12-18T13:01:56Z,2025-11-10T17:21:27Z,,2,,,,,,,2025-12-18T13:01:56Z,,false,false,false,,,,hacktoberfest
114691348,dhis2/capture-app,false,,,,43,TypeScript,master,BSD-2-Clause,,24,24,,78450,2017-12-18T21:52:34Z,2026-07-09T12:38:11Z,2026-07-09T12:38:18Z,,14,,,,,,,2026-07-09T12:38:11Z,,true,false,false,,,,synced-settings;tx;web-app
1123737891,linkalls/jules-mobile-client,false,,,,10,TypeScript,master,BSD-2-Clause,,24,24,,45418,2025-12-27T14:11:25Z,2026-07-08T01:11:32Z,2026-07-08T01:11:35Z,,4,,,,,,,2026-07-08T01:11:32Z,,true,false,false,,,,expo
1198400759,Zentariq/Pumpfun-Bundler-Bot,false,,,,196,TypeScript,main,BSD-2-Clause,https://pump.fun,22,22,,245,2026-04-01T11:46:29Z,2026-04-09T19:46:50Z,2026-07-08T12:40:19Z,,0,,,,,,,2026-04-09T19:46:50Z,,true,false,false,,,,bot;bundler;pumpfun;trade
424417830,pepkit/pephub,false,,,,2,TypeScript,master,BSD-2-Clause,https://pephub.databio.org,22,22,,18752,2021-11-04T00:05:35Z,2026-07-06T15:41:42Z,2026-07-06T15:51:02Z,,60,,,,,,,2026-07-06T15:41:42Z,,true,false,false,,,,bioinformatics;data-sharing;metadata-management;sample-metadata
758310307,amaranth-lang/playground,false,,,,7,TypeScript,main,BSD-2-Clause,https://amaranth-lang.org/play/,22,22,,113,2024-02-16T03:20:03Z,2025-10-26T15:18:41Z,2026-04-12T19:37:45Z,,3,,,,,,,2025-10-26T15:18:41Z,,false,false,false,,,,amaranth-hdl
377494757,elementalconcept/env-bakery,false,,,,3,TypeScript,master,BSD-2-Clause,,21,21,,1192,2021-06-16T12:50:09Z,2026-02-05T16:36:10Z,2026-02-16T12:25:46Z,,1,,,,,,,2026-02-05T16:36:10Z,,true,false,false,,,,
562194717,DavesCodeMusings/mpremote-vscode,false,,,,3,TypeScript,main,BSD-2-Clause,,21,21,,1792,2022-11-05T15:42:53Z,2026-03-17T18:28:05Z,2026-03-17T18:28:10Z,,2,,,,,,,2026-03-17T18:28:05Z,,true,false,false,,,,
130341619,geostyler/geostyler-style,false,,,,20,TypeScript,main,BSD-2-Clause,https://geostyler.github.io/geostyler-style/docs/master/,21,21,,11476,2018-04-20T09:36:06Z,2026-07-10T21:44:22Z,2026-07-08T08:44:14Z,,19,,,,,,,2026-07-10T21:44:22Z,,true,false,false,,,,geostyler;typescript
170979671,mike-north/mdast-builder,false,,,,4,TypeScript,master,BSD-2-Clause,,20,20,,1045,2019-02-16T08:17:35Z,2026-03-23T18:04:42Z,2026-06-15T14:25:24Z,,18,,,,,,,2026-03-23T18:04:42Z,,true,false,false,,,,
531408552,abextm/cache2,false,,,,10,TypeScript,master,BSD-2-Clause,https://abextm.github.io/cache2/,20,20,,686,2022-09-01T07:22:03Z,2026-06-30T06:37:55Z,2026-07-09T19:18:30Z,,0,,,,,,,2026-06-30T06:37:55Z,,true,false,false,,,,
848241441,pipecat-ai/pipecat-client-react-native-transports,false,,,,9,TypeScript,main,BSD-2-Clause,,20,20,,2625,2024-08-27T11:59:32Z,2026-06-23T13:26:48Z,2026-06-23T13:27:35Z,,1,,,,,,,2026-06-23T13:26:48Z,,false,false,false,,,,
418267938,jbreckmckye/robot3-viz,false,,,,2,TypeScript,master,BSD-2-Clause,,19,19,,460,2021-10-17T22:11:10Z,2026-06-01T10:12:44Z,2026-06-01T10:12:49Z,,1,,,,,,,2026-06-01T10:12:44Z,,true,false,false,,,,d3;finite-state-machine;fsm;react;robot3;visualization
458120053,vmware-labs/vmware-image-builder-action,false,,,,7,TypeScript,main,BSD-2-Clause,,19,19,,3163,2022-02-11T09:22:51Z,2025-11-20T16:58:20Z,2025-11-18T10:58:23Z,,2,,,,,,,2025-11-20T16:58:20Z,,true,false,false,,,,
83855380,Cloudstek/alfred-hugo,false,,,,3,TypeScript,master,BSD-2-Clause,,18,18,,4398,2017-03-04T01:14:17Z,2026-04-09T09:45:20Z,2026-04-09T09:45:33Z,,0,,,,,,,2026-04-09T09:45:20Z,,true,true,false,,,,alfred;alfred-workflow;alfred-workflow-nodejs;alfy;nodejs;script-filter
1011301242,mollie/mollie-api-typescript,false,,,,7,TypeScript,main,BSD-2-Clause,,18,18,,14124,2025-06-30T15:51:07Z,2026-07-10T11:09:08Z,2026-07-08T10:49:56Z,,4,,,,,,,2026-07-10T11:09:08Z,,true,false,false,,,,
160196955,geostyler/geostyler-mapbox-parser,false,,,,15,TypeScript,main,BSD-2-Clause,,18,18,,1291,2018-12-03T13:40:58Z,2026-07-08T10:58:04Z,2026-06-23T15:18:21Z,,30,,,,,,,2026-07-08T10:58:04Z,,true,false,false,,,,mapbox
279586149,DataCoveEU/STAM,false,,,,5,TypeScript,main,BSD-2-Clause,,17,17,,4378,2020-07-14T13:00:22Z,2026-01-06T19:41:30Z,2026-05-07T11:20:18Z,,4,,,,,,,2026-01-06T19:41:30Z,,true,false,false,,,,
148018974,silverwind/rrdir,false,,,,1,TypeScript,master,BSD-2-Clause,,17,17,,1398,2018-09-09T11:29:40Z,2026-07-08T15:59:42Z,2026-07-08T15:59:57Z,,0,,,,,,,2026-07-08T15:59:42Z,,true,false,false,,,,directory-tree;fast;fdir;nodejs;nodejs-modules;readdir;recursive-readdir;rrdir;scandir;walker;withfiletypes
941257545,beenotung/soffice,false,,,,0,TypeScript,master,BSD-2-Clause,https://www.npmjs.com/package/soffice,16,16,,13,2025-03-01T21:23:34Z,2025-11-30T18:09:12Z,2026-07-02T14:36:37Z,,0,,,,,,,2025-11-30T18:09:12Z,,true,false,false,,,,convert;doc;docs;html;libreoffice;odp;ods;odt;pdf;ppt;pptx;soffice;xls;xlsx
434164323,vivid-planet/comet-starter,false,,,,0,TypeScript,main,BSD-2-Clause,,16,16,,65902,2021-12-02T09:50:18Z,2026-07-10T16:47:09Z,2026-07-10T06:50:33Z,,31,,,,,,,2026-07-10T16:47:09Z,,true,false,false,,,,
333683980,FacilMap/Leaflet.HighlightableLayers,false,,,,1,TypeScript,main,BSD-2-Clause,,15,15,,3802,2021-01-28T07:46:30Z,2026-05-10T12:18:36Z,2026-05-10T12:18:39Z,,1,,,,,,,2026-05-10T12:18:36Z,,true,false,false,,,,leaflet
814207684,EO-DataHub/eodh-fe,false,,,,1,TypeScript,develop,BSD-2-Clause,,15,15,,14353,2024-06-12T14:43:33Z,2026-05-18T09:51:13Z,2026-05-18T09:51:15Z,,1,,,,,,,2026-05-18T09:51:13Z,,true,false,false,,,,
780369856,sunrin-today/scheduler,false,,,,3,TypeScript,main,BSD-2-Clause,https://instagram.com/sunrin_today,15,15,,3570,2024-04-01T10:30:26Z,2026-03-04T03:08:44Z,2026-06-03T15:42:06Z,,0,,,,,,,2026-03-04T03:08:44Z,,true,false,false,,,,
1135011567,bovine3dom/fahrtle,false,,,,1,TypeScript,master,BSD-2-Clause,,15,15,,37166,2026-01-15T14:16:55Z,2026-07-10T15:10:41Z,2026-07-08T19:52:34Z,,70,,,,,,,2026-07-10T15:10:41Z,,true,false,false,,,,
487887674,terrestris/shogun-gis-client,false,,,,7,TypeScript,main,BSD-2-Clause,https://terrestris.github.io/shogun-gis-client/latest/,15,15,,951913,2022-05-02T15:03:14Z,2026-07-10T10:52:46Z,2026-06-19T14:12:02Z,,39,,,,,,,2026-07-10T10:52:46Z,,true,false,false,,,,gis;hacktoberfest;openlayers;react;react-geo
170588630,neurostuff/neurostore,false,,,,7,TypeScript,master,BSD-2-Clause,https://compose.neurosynth.org,13,13,,60402,2019-02-13T22:23:01Z,2026-07-10T23:20:19Z,2026-07-09T15:55:36Z,,108,,,,,,,2026-07-10T23:20:19Z,,true,false,false,,,,
307919534,imgix/contentful,false,,,,6,TypeScript,main,BSD-2-Clause,,13,13,,6554,2020-10-28T05:51:52Z,2025-12-17T22:36:30Z,2025-12-03T22:41:32Z,,11,,,,,,,2025-12-17T22:36:30Z,,true,false,false,,,,contentful;imgix;react
195659024,silverwind/ip-bigint,false,,,,2,TypeScript,master,BSD-2-Clause,,13,13,,1228,2019-07-07T14:10:57Z,2026-07-08T15:59:03Z,2026-07-08T15:59:58Z,,0,,,,,,,2026-07-08T15:59:03Z,,false,false,false,,,,bigint;ip-address;javascript;module
177214121,igr/spig,false,,,,1,TypeScript,master,BSD-2-Clause,https://www.spignite.com,13,13,,1381,2019-03-22T21:57:33Z,2026-02-14T15:16:23Z,2023-08-06T06:27:04Z,,13,,,,,,,2026-02-14T15:16:23Z,,false,false,false,,,,javascript;static-site-generator
152200711,mike-north/js-documentation-cases,false,,,,2,TypeScript,master,BSD-2-Clause,https://mike-north.github.io/js-documentation-cases/,13,13,,3466,2018-10-09T06:41:43Z,2026-03-27T10:03:23Z,2026-03-27T05:49:21Z,,13,,,,,,,2026-03-27T10:03:23Z,,true,false,false,,,,
694051018,pionjs/pion,false,,,,1,TypeScript,main,BSD-2-Clause,https://pionjs.com,13,13,,3208,2023-09-20T08:28:50Z,2026-07-02T06:19:18Z,2026-07-02T06:17:38Z,,8,,,,,,,2026-07-02T06:19:18Z,,true,false,false,,,,hooks;lit-html;react-hooks;web-component;web-components
168720608,geostyler/geostyler-legend,false,,,,14,TypeScript,main,BSD-2-Clause,,13,13,,2202,2019-02-01T15:47:25Z,2026-07-10T23:05:53Z,2026-04-15T05:43:30Z,,13,,,,,,,2026-07-10T23:05:53Z,,true,false,false,,,,d3;legends;map;openlayers
732497396,badlogic/ledit2,false,,,,1,TypeScript,main,BSD-2-Clause,,12,12,,5703,2023-12-16T21:42:14Z,2026-02-27T23:56:43Z,2026-05-04T12:58:56Z,,0,,,,,,,2026-02-27T23:56:43Z,,true,false,false,,,,
558387371,digitalsamba/embedded-sdk,false,,,,1,TypeScript,release,BSD-2-Clause,,12,12,,69446,2022-10-27T12:58:28Z,2026-07-07T19:27:54Z,2026-05-31T16:13:23Z,,0,,,,,,,2026-07-07T19:27:54Z,,true,false,false,,,,
147463603,silverwind/versions,false,,,,3,TypeScript,master,BSD-2-Clause,,12,12,,2145,2018-09-05T05:18:03Z,2026-07-08T16:00:22Z,2026-07-08T16:01:33Z,,0,,,,,,,2026-07-08T16:00:22Z,,false,false,false,,,,cli;git-tag;nodejs;semantic-versioning;version-bump;version-update
788720531,beenotung/web-clone,false,,,,2,TypeScript,master,BSD-2-Clause,https://www.npmjs.com/package/web-clone,12,12,,81,2024-04-19T00:27:25Z,2026-06-17T14:00:55Z,2026-07-10T03:26:08Z,,0,,,,,,,2026-06-17T14:00:55Z,,true,false,false,,,,archive;auto-scroll;cli;clone;downloader;image;interactive;lazy-loading;link;recursive;website
24505443,silverwind/root-hints,false,,,,2,TypeScript,master,BSD-2-Clause,,12,12,,480,2014-09-26T15:47:15Z,2026-07-08T15:59:39Z,2026-07-08T15:59:44Z,,0,,,,,,,2026-07-08T15:59:39Z,,true,false,false,,,,dns;javascript;root-hints
289554009,good-ware/js-task-queue,false,,,,1,TypeScript,master,BSD-2-Clause,,11,11,,670,2020-08-22T19:32:33Z,2026-04-01T02:53:05Z,2026-04-01T02:52:46Z,,5,,,,,,,2026-04-01T02:53:05Z,,true,false,false,,,,async;concurrent;javascript;queue
954598251,gsi-cyberjapan/3dpc-3dtiles,false,,,,4,TypeScript,main,BSD-2-Clause,,11,11,,13919,2025-03-25T10:26:23Z,2025-11-17T09:18:19Z,2025-11-17T09:18:31Z,,0,,,,,,,2025-11-17T09:18:19Z,,false,false,false,,,,
892011658,badlogic/skystats-v2,false,,,,1,TypeScript,main,BSD-2-Clause,,10,10,,301,2024-11-21T11:04:25Z,2026-02-02T22:09:28Z,2026-07-05T15:57:41Z,,0,,,,,,,2026-02-02T22:09:28Z,,true,false,false,,,,
570135967,silverwind/clippie,false,,,,1,TypeScript,master,BSD-2-Clause,,10,10,,1237,2022-11-24T12:20:04Z,2026-07-08T15:58:25Z,2026-07-08T15:58:43Z,,0,,,,,,,2026-07-08T15:58:25Z,,false,false,false,,,,browser;clipboard;copy;image-copy;javascript
