732642856/yinduzhanxing	tree_fetch_failed	tree_not_found	2026-07-18T02:49:22Z
Azure/azure-sdk-for-java	tree_truncated	tree_truncated	2026-07-18T03:01:04Z
Averyy/apple-dev-docs	tree_truncated	tree_truncated	2026-07-18T03:03:05Z
Canonry/aeo-audit	tree_fetch_failed	tree_not_found	2026-07-18T03:05:15Z
Energinet-DataHub/greenforce-frontend	tree_fetch_failed	tree_not_found	2026-07-18T03:19:31Z
EstelYang/QCircuitBench	tree_truncated	tree_truncated	2026-07-18T03:20:29Z
Snowflake-Labs/sfquickstarts	tree_fetch_failed	tree_not_found	2026-07-18T05:59:19Z
UI5/openui5	tree_truncated	tree_truncated	2026-07-18T06:14:49Z
VSadov/Satori	tree_truncated	tree_truncated	2026-07-18T06:16:25Z
adcontextprotocol/adcp	tree_truncated	tree_truncated	2026-07-18T07:00:07Z
aws/aws-sdk-net	tree_truncated	tree_truncated	2026-07-18T07:52:16Z
builderz-labs/mission-control	tree_fetch_failed	Invalid object requested. SHA must identify a commit or a tree.	2026-07-18T07:58:16Z
corvus-dotnet/Corvus.JsonSchema	tree_truncated	tree_truncated	2026-07-18T08:15:58Z
eugenp/tutorials	tree_truncated	tree_truncated	2026-07-18T09:21:54Z
fern-api/fern	tree_truncated	tree_truncated	2026-07-18T09:56:47Z
googleapis/google-cloud-java	tree_truncated	tree_truncated	2026-07-18T10:02:30Z
hamishivi/tmax	tree_truncated	tree_truncated	2026-07-18T10:05:33Z
henryalouf/ruflow	tree_truncated	tree_truncated	2026-07-18T10:07:54Z
microsoft/typescript-go	tree_truncated	tree_truncated	2026-07-18T12:11:18Z
732642856/yinduzhanxing	tree_fetch_failed	tree_not_found	2026-07-18T13:10:13Z
Canonry/aeo-audit	tree_fetch_failed	tree_not_found	2026-07-18T13:10:13Z
Canonry/aeo-audit	tree_fetch_failed	tree_not_found	2026-07-18T13:10:13Z
732642856/yinduzhanxing	tree_fetch_failed	tree_not_found	2026-07-18T13:10:14Z
Energinet-DataHub/greenforce-frontend	tree_fetch_failed	tree_not_found	2026-07-18T13:10:14Z
Energinet-DataHub/greenforce-frontend	tree_fetch_failed	tree_not_found	2026-07-18T13:10:14Z
Snowflake-Labs/sfquickstarts	tree_fetch_failed	tree_not_found	2026-07-18T13:10:14Z
Snowflake-Labs/sfquickstarts	tree_fetch_failed	tree_not_found	2026-07-18T13:10:14Z
Azure/azure-sdk-for-java	tree_truncated	tree_truncated	2026-07-18T13:10:15Z
Azure/azure-sdk-for-java	tree_truncated	tree_truncated	2026-07-18T13:10:15Z
EstelYang/QCircuitBench	tree_truncated	tree_truncated	2026-07-18T13:10:15Z
EstelYang/QCircuitBench	tree_truncated	tree_truncated	2026-07-18T13:10:15Z
Averyy/apple-dev-docs	tree_truncated	tree_truncated	2026-07-18T13:10:15Z
UI5/openui5	tree_truncated	tree_truncated	2026-07-18T13:10:15Z
UI5/openui5	tree_truncated	tree_truncated	2026-07-18T13:10:16Z
Averyy/apple-dev-docs	tree_truncated	tree_truncated	2026-07-18T13:10:16Z
builderz-labs/mission-control	tree_fetch_failed	Invalid object requested. SHA must identify a commit or a tree.	2026-07-18T13:10:16Z
builderz-labs/mission-control	tree_fetch_failed	Invalid object requested. SHA must identify a commit or a tree.	2026-07-18T13:10:16Z
VSadov/Satori	tree_truncated	tree_truncated	2026-07-18T13:10:17Z
adcontextprotocol/adcp	tree_truncated	tree_truncated	2026-07-18T13:10:17Z
corvus-dotnet/Corvus.JsonSchema	tree_truncated	tree_truncated	2026-07-18T13:10:17Z
adcontextprotocol/adcp	tree_truncated	tree_truncated	2026-07-18T13:10:17Z
VSadov/Satori	tree_truncated	tree_truncated	2026-07-18T13:10:17Z
aws/aws-sdk-net	tree_truncated	tree_truncated	2026-07-18T13:10:17Z
corvus-dotnet/Corvus.JsonSchema	tree_truncated	tree_truncated	2026-07-18T13:10:17Z
aws/aws-sdk-net	tree_truncated	tree_truncated	2026-07-18T13:10:18Z
eugenp/tutorials	tree_truncated	tree_truncated	2026-07-18T13:10:18Z
eugenp/tutorials	tree_truncated	tree_truncated	2026-07-18T13:10:18Z
googleapis/google-cloud-java	tree_truncated	tree_truncated	2026-07-18T13:10:18Z
fern-api/fern	tree_truncated	tree_truncated	2026-07-18T13:10:18Z
googleapis/google-cloud-java	tree_truncated	tree_truncated	2026-07-18T13:10:18Z
fern-api/fern	tree_truncated	tree_truncated	2026-07-18T13:10:18Z
hamishivi/tmax	tree_truncated	tree_truncated	2026-07-18T13:10:19Z
henryalouf/ruflow	tree_truncated	tree_truncated	2026-07-18T13:10:19Z
henryalouf/ruflow	tree_truncated	tree_truncated	2026-07-18T13:10:19Z
microsoft/typescript-go	tree_truncated	tree_truncated	2026-07-18T13:10:19Z
microsoft/typescript-go	tree_truncated	tree_truncated	2026-07-18T13:10:20Z
hamishivi/tmax	tree_truncated	tree_truncated	2026-07-18T13:10:20Z
openshift/installer	tree_truncated	tree_truncated	2026-07-18T13:48:14Z
openshift/installer	tree_truncated	tree_truncated	2026-07-18T13:48:14Z
openshift/installer	tree_truncated	tree_truncated	2026-07-18T13:48:15Z
pulumi/pulumi-gcp	tree_truncated	tree_truncated	2026-07-18T13:51:24Z
pulumi/pulumi-gcp	tree_truncated	tree_truncated	2026-07-18T13:51:24Z
pulumi/pulumi-gcp	tree_truncated	tree_truncated	2026-07-18T13:51:24Z
pulumi/pulumi-aws	tree_truncated	tree_truncated	2026-07-18T13:51:35Z
pulumi/pulumi-aws	tree_truncated	tree_truncated	2026-07-18T13:51:35Z
pulumi/pulumi-aws	tree_truncated	tree_truncated	2026-07-18T13:51:36Z
raycast/extensions	tree_truncated	tree_truncated	2026-07-18T15:48:18Z
raycast/extensions	tree_truncated	tree_truncated	2026-07-18T15:48:19Z
raycast/extensions	tree_truncated	tree_truncated	2026-07-18T15:48:24Z
tmorin/plantuml-libs	tree_truncated	tree_truncated	2026-07-18T18:54:30Z
tmorin/plantuml-libs	tree_truncated	tree_truncated	2026-07-18T18:54:30Z
tmorin/plantuml-libs	tree_truncated	tree_truncated	2026-07-18T18:54:30Z
732642856/yinduzhanxing	tree_fetch_failed	tree_not_found	2026-07-18T19:36:33Z
Canonry/aeo-audit	tree_fetch_failed	tree_not_found	2026-07-18T19:36:33Z
Energinet-DataHub/greenforce-frontend	tree_fetch_failed	tree_not_found	2026-07-18T19:36:33Z
Snowflake-Labs/sfquickstarts	tree_fetch_failed	tree_not_found	2026-07-18T19:36:33Z
Azure/azure-sdk-for-java	tree_truncated	tree_truncated	2026-07-18T19:36:34Z
EstelYang/QCircuitBench	tree_truncated	tree_truncated	2026-07-18T19:36:35Z
UI5/openui5	tree_truncated	tree_truncated	2026-07-18T19:36:35Z
Averyy/apple-dev-docs	tree_truncated	tree_truncated	2026-07-18T19:36:35Z
adcontextprotocol/adcp	tree_truncated	tree_truncated	2026-07-18T19:36:36Z
VSadov/Satori	tree_truncated	tree_truncated	2026-07-18T19:36:36Z
aws/aws-sdk-net	tree_truncated	tree_truncated	2026-07-18T19:36:37Z
eugenp/tutorials	tree_truncated	tree_truncated	2026-07-18T19:36:38Z
corvus-dotnet/Corvus.JsonSchema	tree_truncated	tree_truncated	2026-07-18T19:36:38Z
fern-api/fern	tree_truncated	tree_truncated	2026-07-18T19:36:38Z
googleapis/google-cloud-java	tree_truncated	tree_truncated	2026-07-18T19:36:39Z
henryalouf/ruflow	tree_truncated	tree_truncated	2026-07-18T19:36:39Z
microsoft/typescript-go	tree_truncated	tree_truncated	2026-07-18T19:36:40Z
hamishivi/tmax	tree_truncated	tree_truncated	2026-07-18T19:36:40Z
openshift/installer	tree_truncated	tree_truncated	2026-07-18T19:36:41Z
pulumi/pulumi-gcp	tree_truncated	tree_truncated	2026-07-18T19:36:41Z
pulumi/pulumi-aws	tree_truncated	tree_truncated	2026-07-18T19:36:41Z
raycast/extensions	tree_truncated	tree_truncated	2026-07-18T19:37:05Z
tmorin/plantuml-libs	tree_truncated	tree_truncated	2026-07-18T19:37:05Z
tsinghua-fib-lab/AutoSOTA	tree_truncated	tree_truncated	2026-07-18T19:50:34Z
ydb-platform/nbs	tree_truncated	tree_truncated	2026-07-18T20:14:08Z
ytsaurus/ytsaurus	tree_truncated	tree_truncated	2026-07-18T20:55:21Z
