file,dataset,label,count,pct_docs,retained_documents
Python_All.json,Python All,Requirements,17,9.39,181
Python_All.json,Python All,Software Design,19,10.5,181
Python_All.json,Python All,Code Implementation,63,34.81,181
Python_All.json,Python All,Program Analysis,47,25.97,181
Python_All.json,Python All,Testing,66,36.46,181
Python_All.json,Python All,Debugging,21,11.6,181
Python_All.json,Python All,Maintenance,60,33.15,181
Python_All.json,Python All,DevOps,46,25.41,181
Python_All.json,Python All,Documentation,38,20.99,181
